,precision,recall,f1-score,support
1,0.65,0.8125,0.7222222222222223,16.0
2,0.2857142857142857,0.2857142857142857,0.2857142857142857,7.0
3,0.42857142857142855,0.2727272727272727,0.33333333333333326,11.0
accuracy,0.5294117647058824,0.5294117647058824,0.5294117647058824,0.5294117647058824
macro avg,0.45476190476190476,0.45698051948051943,0.44708994708994704,34.0
weighted avg,0.5033613445378151,0.5294117647058824,0.5065359477124183,34.0
