,precision,recall,f1-score,support
0,0.8636363636363636,0.8636363636363636,0.8636363636363636,22.0
1,0.75,0.75,0.75,12.0
accuracy,0.8235294117647058,0.8235294117647058,0.8235294117647058,0.8235294117647058
macro avg,0.8068181818181819,0.8068181818181819,0.8068181818181819,34.0
weighted avg,0.8235294117647058,0.8235294117647058,0.8235294117647058,34.0
