,precision,recall,f1-score,support
0,0.7222222222222222,0.6842105263157895,0.7027027027027027,19.0
1,0.625,0.6666666666666666,0.6451612903225806,15.0
accuracy,0.6764705882352942,0.6764705882352942,0.6764705882352942,0.6764705882352942
macro avg,0.6736111111111112,0.6754385964912281,0.6739319965126417,34.0
weighted avg,0.6793300653594772,0.6764705882352942,0.6773167854761784,34.0
