,precision,recall,f1-score,support
0,0.782608695652174,0.8181818181818182,0.8,22.0
1,0.6363636363636364,0.5833333333333334,0.6086956521739131,12.0
accuracy,0.7352941176470589,0.7352941176470589,0.7352941176470589,0.7352941176470589
macro avg,0.7094861660079052,0.7007575757575758,0.7043478260869566,34.0
weighted avg,0.7309927923738666,0.7352941176470589,0.7324808184143223,34.0
