,precision,recall,f1-score,support
1,0.5652173913043478,0.8125,0.6666666666666667,16.0
2,0.0,0.0,0.0,7.0
3,0.42857142857142855,0.2727272727272727,0.33333333333333326,11.0
accuracy,0.47058823529411764,0.47058823529411764,0.47058823529411764,0.47058823529411764
macro avg,0.3312629399585921,0.36174242424242425,0.3333333333333333,34.0
weighted avg,0.4046401169163317,0.47058823529411764,0.4215686274509804,34.0
