,precision,recall,f1-score,support
0,0.8,0.8421052631578947,0.8205128205128205,19.0
1,0.7857142857142857,0.7333333333333333,0.7586206896551724,15.0
accuracy,0.7941176470588235,0.7941176470588235,0.7941176470588235,0.7941176470588235
macro avg,0.7928571428571429,0.787719298245614,0.7895667550839964,34.0
weighted avg,0.7936974789915967,0.7941176470588235,0.793207468663858,34.0
