,precision,recall,f1-score,support
0,0.9130434782608695,0.84,0.8749999999999999,25.0
1,0.6363636363636364,0.7777777777777778,0.7000000000000001,9.0
accuracy,0.8235294117647058,0.8235294117647058,0.8235294117647058,0.8235294117647058
macro avg,0.7747035573122529,0.8088888888888889,0.7875,34.0
weighted avg,0.8398046965821901,0.8235294117647058,0.8286764705882352,34.0
