,precision,recall,f1-score,support
0,0.0,0.0,0.0,25.0
1,0.2647058823529412,1.0,0.4186046511627907,9.0
accuracy,0.2647058823529412,0.2647058823529412,0.2647058823529412,0.2647058823529412
macro avg,0.1323529411764706,0.5,0.20930232558139536,34.0
weighted avg,0.07006920415224914,0.2647058823529412,0.11080711354309165,34.0
