,precision,recall,f1-score,support
1,0.47058823529411764,1.0,0.6399999999999999,16.0
2,0.0,0.0,0.0,7.0
3,0.0,0.0,0.0,11.0
accuracy,0.47058823529411764,0.47058823529411764,0.47058823529411764,0.47058823529411764
macro avg,0.1568627450980392,0.3333333333333333,0.2133333333333333,34.0
weighted avg,0.22145328719723184,0.47058823529411764,0.30117647058823527,34.0
