,precision,recall,f1-score,support
0,0.0,0.0,0.0,20.0
1,0.4117647058823529,1.0,0.5833333333333334,14.0
accuracy,0.4117647058823529,0.4117647058823529,0.4117647058823529,0.4117647058823529
macro avg,0.20588235294117646,0.5,0.2916666666666667,34.0
weighted avg,0.1695501730103806,0.4117647058823529,0.24019607843137258,34.0
