,precision,recall,f1-score,support
0,0.5588235294117647,1.0,0.7169811320754718,19.0
1,0.0,0.0,0.0,15.0
accuracy,0.5588235294117647,0.5588235294117647,0.5588235294117647,0.5588235294117647
macro avg,0.27941176470588236,0.5,0.3584905660377359,34.0
weighted avg,0.31228373702422146,0.5588235294117647,0.40066592674805773,34.0
