,precision,recall,f1-score,support
0,0.0,0.0,0.0,22.0
1,0.35294117647058826,1.0,0.5217391304347826,12.0
accuracy,0.35294117647058826,0.35294117647058826,0.35294117647058826,0.35294117647058826
macro avg,0.17647058823529413,0.5,0.2608695652173913,34.0
weighted avg,0.12456747404844291,0.35294117647058826,0.18414322250639384,34.0
