,precision,recall,f1-score,support
0,0.7619047619047619,0.8421052631578947,0.8,19.0
1,0.7692307692307693,0.6666666666666666,0.7142857142857142,15.0
accuracy,0.7647058823529411,0.7647058823529411,0.7647058823529411,0.7647058823529411
macro avg,0.7655677655677655,0.7543859649122806,0.7571428571428571,34.0
weighted avg,0.7651368239603533,0.7647058823529411,0.7621848739495798,34.0
