,precision,recall,f1-score,support
0,0.8,0.8,0.8000000000000002,20.0
1,0.7142857142857143,0.7142857142857143,0.7142857142857143,14.0
accuracy,0.7647058823529411,0.7647058823529411,0.7647058823529411,0.7647058823529411
macro avg,0.7571428571428571,0.7571428571428571,0.7571428571428572,34.0
weighted avg,0.7647058823529411,0.7647058823529411,0.7647058823529412,34.0
