,precision,recall,f1-score,support
1,0.5357142857142857,0.9375,0.6818181818181818,16.0
2,0.0,0.0,0.0,7.0
3,0.25,0.09090909090909091,0.13333333333333333,11.0
accuracy,0.47058823529411764,0.47058823529411764,0.47058823529411764,0.47058823529411764
macro avg,0.2619047619047619,0.3428030303030303,0.2717171717171717,34.0
weighted avg,0.3329831932773109,0.47058823529411764,0.3639928698752228,34.0
