,precision,recall,f1-score,support
0,0.8275862068965517,0.96,0.888888888888889,25.0
1,0.8,0.4444444444444444,0.5714285714285714,9.0
accuracy,0.8235294117647058,0.8235294117647058,0.8235294117647058,0.8235294117647058
macro avg,0.8137931034482759,0.7022222222222222,0.7301587301587302,34.0
weighted avg,0.8202839756592292,0.8235294117647058,0.8048552754435108,34.0
