,precision,recall,f1-score,support
0,0.95,0.8636363636363636,0.9047619047619048,22.0
1,0.7857142857142857,0.9166666666666666,0.8461538461538461,12.0
accuracy,0.8823529411764706,0.8823529411764706,0.8823529411764706,0.8823529411764706
macro avg,0.8678571428571429,0.8901515151515151,0.8754578754578755,34.0
weighted avg,0.8920168067226891,0.8823529411764706,0.8840767076061193,34.0
