,precision,recall,f1-score,support
0,0.875,0.84,0.8571428571428572,25.0
1,0.6,0.6666666666666666,0.631578947368421,9.0
accuracy,0.7941176470588235,0.7941176470588235,0.7941176470588235,0.7941176470588235
macro avg,0.7375,0.7533333333333333,0.7443609022556391,34.0
weighted avg,0.8022058823529411,0.7941176470588235,0.7974347633790358,34.0
