,precision,recall,f1-score,support
0,0.782608695652174,0.9,0.8372093023255814,20.0
1,0.8181818181818182,0.6428571428571429,0.7200000000000001,14.0
accuracy,0.7941176470588235,0.7941176470588235,0.7941176470588235,0.7941176470588235
macro avg,0.8003952569169961,0.7714285714285715,0.7786046511627908,34.0
weighted avg,0.7972564519879098,0.7941176470588235,0.7889466484268127,34.0
